Timed,InstantFeedback,Round,Category,Q,Type,Question,Image,Media,Answer,Details,OptA,OptB,OptC,OptD,OptE
FALSE,FALSE,0,,0,MD,,,,,,,,,,
FALSE,FALSE,0,Trivia Night,1,MC,It's time for some trivia! What's the theme for our Fall 2021 Trivia Night?,https://d3apq476edz7yu.cloudfront.net/inregister/2018/04/13949871_f1024-e1525203285545.jpg?q=60&crop=faces&fit=crop&w=1140&h=544&dpr=2,,E,,60s,Movie Night,70s,Music,80s
FALSE,FALSE,0,Trivia Night,2,MC,"The 80s is one of the most, if not the most, iconic decades in American history. Which of the following people were born in the 80s?",https://static.onecms.io/wp-content/uploads/sites/20/2020/10/19/people-1985-cover-1-2000.jpg,,"B, C, D",Barack Obama is from the 60s and  Harry Styles is from the 90s!,Barack Obama,Kim Kardashian,Taylor Swift,Lebron James,Harry Styles
TRUE,TRUE,0,Fruit,3,SA,"Okay, that's enough about the 80s! I am thinking of a fruit - what is it? Botanically, it is a berry and grows on vines. Its scientific name is Vitis and it comes in a variety of colors.",https://www.gardeningknowhow.com/wp-content/uploads/2020/11/branch-of-red-wine-grapes.jpg,,Grape,Fun fact! 71% of the world's grape produced is used for wine.,,,,,
TRUE,TRUE,0,Fruit,4,SA,"Through the year 2019, according to FAOSTAT, how many millions of tonnes of grapes did the world produce? Round your answer to the nearest whole number. This number is also prime and an emirp. ",,,79,"China is the world's biggest producer of grapes, followed by Italy and the United States.",,,,,
TRUE,TRUE,9,,0,,,,,,,,,,,
TRUE,TRUE,9,Zoomout,1,SA,Keep your eyes on the slides!,,,Footloose,,,,,,
TRUE,TRUE,9,Zoomout,2,SA,Keep your eyes on the slides!,,,Airplane,,,,,,
TRUE,TRUE,9,Zoomout,3,SA,Keep your eyes on the slides!,,,Indiana Jones,,,,,,
TRUE,TRUE,9,Zoomout,4,SA,Keep your eyes on the slides!,,,Ferris Bueller's Day Off,,,,,,
TRUE,TRUE,9,Zoomout,5,SA,Keep your eyes on the slides!,,,Pretty in Pink,,,,,,
TRUE,TRUE,9,Zoomout,6,SA,Keep your eyes on the slides!,,,The Karate Kid,,,,,,
TRUE,TRUE,9,Zoomout,7,SA,Keep your eyes on the slides!,,,E.T.,,,,,,
TRUE,TRUE,9,Zoomout,8,SA,Keep your eyes on the slides!,,,The Goonies,,,,,,
TRUE,TRUE,9,Zoomout,9,SA,Keep your eyes on the slides!,,,The Empire Strikes Back,,,,,,
TRUE,TRUE,9,Zoomout,10,SA,Keep your eyes on the slides!,,,Sixteen Candles,,,,,,
FALSE,FALSE,1,80s,0,MD,,,,,,,,,,
FALSE,FALSE,1,80s,1,MC,"One of the most out of this world discoveries in the 80s was that of Neptune’s rings. Neptune, the farthest known Solar System planet, is named after the Roman god of which of the following?",https://media.wired.com/photos/5d04042aea706e48d9bcd1bf/master/w_2560%2Cc_limit/Science-Neptune-TA-PIA01492_orig.jpg,,A,"Neptune is a Roman god, the counterpart to the Greek god Poseidon. He is the brother of Jupiter and Pluto.",Sea,Lightning,Beauty,Music,Wisdom
FALSE,FALSE,1,80s,2,MC,"Muhammad Ali retired from boxing for good in 1981 with 56 wins and only 5 losses. This legend of boxing, however, was not born with the name Muhammad Ali. What was his birth name?",https://www.washingtonpost.com/rf/image_1484w/2010-2019/WashingtonPost/2016/06/04/Web-Resampled/2016-06-04/1368864311465001651-kCMG--606x404@wp.com.jpg?t=20170517,,C,Ali is said to have changed his name after converting to Islam.,Elijah Muhammad,George Foreman,Cassius Clay Jr.,Rudolph Martin Jr.,Sonny Liston
FALSE,FALSE,1,80s,3,MC,The internet has had many iterations before reaching what we know today. Who invented what was known as the “World Wide Web” in 1989?,https://webfoundation.org/docs/2009/10/berners-lee.jpg,,B,"The first iteration was ARPANET, which was a four way military connection.",Bill Gates,Tim Berners-Lee,Howard Aiken,Charles Bachman,Alan Turing
FALSE,FALSE,1,80s,4,MC,"The historical eruption of Mount Saint Helens occurred in 1980, depositing ash in 11 states. This active volcano is found in which of the following mountain ranges?",https://upload.wikimedia.org/wikipedia/commons/d/dc/MSH82_st_helens_plume_from_harrys_ridge_05-19-82.jpg,,E,"Before the erruption, Mt. St. Helens was 9,677 ft. Now, it is approximately 8,300 ft.",Rocky Mountains,Appalachian Mountains,Alaska Range,Sierra Nevada,Cascade Range
FALSE,FALSE,1,80s,5,MC,"In the 80s show GI Joe, the tech-specialist Breaker is well-liked and a good member of the team, but he has what some might call a bad habit: what is it?
",https://image.api.playstation.com/vulcan/ap/rnd/202008/1723/KI9S6V8UHhDmet77Xdvwty3W.jpg,,E,"GI Joe has been developed into a toy, comic, and media franchise.",Smoking,Cracks knuckles,Taps pens,Picks nose,Chews gum
FALSE,FALSE,1,80s,6,MC,"Released in 1984, Alexey Pajitnov's block-stacking game called Tetris later became one of the highest selling games of all time. What are the colored blocks in Tetris called?",https://upload.wikimedia.org/wikipedia/commons/thumb/9/9c/Typical_Tetris_Game.svg/1200px-Typical_Tetris_Game.svg.png,,D,"The name ""Tetris"" comes from a combination of the Greek word 'tetra' and the creator's favorite sport, Tennis.",Tets,Tetrises,Quadblocks,Tetrominos,Tetroids
FALSE,FALSE,1,80s,7,MC,"80’s TV Shows are iconic, spawning spinoffs and remakes even today. Which 80’s TV show starred Alan Thicke, Kirk Cameron, Jeremy Miller, and Ashley Johnson?",https://metvcdn.metv.com/fP2qv-1525455371-630-quiz_question_image_-80s_inline.jpg,,C,Growing Pains ran for seven seasons and 166 episodes.,Full House,One Day at a Time,Growing Pains,Alf,Family Ties
FALSE,FALSE,1,80s,8,MC,"The Handmaid’s Tale by Margaret Atwood is often cited as a defining piece of 80’s literature, and it was recently developed into an Hulu TV series. What is the main character referred to as?",https://static01.nyt.com/images/2017/03/09/books/review/0319-BKS-Atwood-COVER/0319-BKS-Atwood-COVER-superJumbo.jpg,,A,The TV show has won a total of 15 primetime Emmy's,Offred,Ofglen,Glen,Sereja Joy,Ofwarren
FALSE,FALSE,1,80s,9,MC,"The Nike Air Max 1 was released in 1987, which was the first sneaker to offer the brand's patented Air cushioning. The shoelace of sneakers contain a small sheath named what?",https://static.wikia.nocookie.net/phineasandferb/images/1/1f/A-g-l-e-t.jpg/revision/latest?cb=20130408203404,,A,"As Phineas and Ferb say, A-G-L-E-T! Don't forget it! ",Aglet,Tilde,Tillet,Ferrule,Eyelet
FALSE,FALSE,1,80s,10,MC,"Frank Sinatra is considered one of the greatest artists of the 20th century with hits such as ""Fly Me to the Moon"". Which Frank Sinatra song did Scooby Doo’s name come from?","https://images2.minutemediacdn.com/image/upload/c_crop,h_1345,w_2000,x_0,y_72/v1554700730/shape/mentalfloss/66159-mgm.jpg?itok=rxuyrD3f",,E,"That’s right, the Great Dane’s name came from the Sinatra singing ""doo-be-doo-be-doo"" in Strangers in the Night.
",I Get a Kick Out of You,My Way,The Way You Look Tonight,This Love of Mine,Strangers in the Night
FALSE,FALSE,1,80s,11,MC,"The original Smurfs TV show was released in 1981, based on a Belgian comic series created by Peyo. In the original show, how many female smurfs were there?",https://www.thesun.co.uk/wp-content/uploads/2021/09/0d23e7ba-effd-4a31-97d4-b26dd3604f84.jpg,,D,"The 3 original female smurfs' names are Smurfette, Sassette, and Nanny.",0,1,2,3,4
FALSE,FALSE,1,80s,12,MC,"US sports teams change cities for various reasons such as financial woes or even weak fan support. Thinking back to the 1979-80 season for the NBA, which of the following teams was not present?",https://i1.wp.com/sportleaguemaps.com/wp-content/uploads/NBA-Map-Complete.png?ssl=1,,B,"The Brooklyn Nets were the New Jersey Nets this season, which was also the season the NBA introduced the 3-point line!",Washington Bullets,Brooklyn Nets,Kansas City Kings,Golden State Warriors,San Diego Cippers
FALSE,FALSE,1,80s,13,MC,"In 1985, Dairy Queen added a menu item: the infamous Blizzard, which sold $1.29 for a 12-ounce. Today, the same size sells for $3.69. While the Blizzard doesn’t perfectly measure inflation, which of the following would $1 in 1985 be worth today? ",https://baydq.com/media/8d89b817948b95f/blizzard.webp?mode=pad&rnd=132519095661430000,,B,"The Dairy Queen Blizzard may be frozen and creamy, but it's not labeled as ice cream, which according to the FDA, needs >10% butterfat! ",$1.19,$2.54,$4.04,$5.98,$6.98
FALSE,FALSE,1,80s,14,MC,"Leonardo, Raphael, Donatello, and Michelangelo make up the four Teenage Mutant Ninja Turtles, originally created in 1983. In the beginning, they all wore the same color bandana. What color were the bandanas?",https://assets1.ignimgs.com/2021/03/09/tmnt-new-game-1615289536411_160w.jpg?width=1280,,E,These turtles are named after famous Renaissance artists.,Blue,Orange,Purple,Black,Red
FALSE,FALSE,1,80s,15,MC,"International Record Syndicate, or I.R.S Record company managed a range of prominent punk artists from the 80s. Which of these artists was not signed under I.R.S. Records?",http://www.cvinyl.com/images/labels/irs1.jpg,,B,I.R.S. Records was founded in 1979 from Universal Music Group. ,R.E.M. ,The Pixies ,The Go-Go's ,Fine Young Cannibals ,General Public 
FALSE,FALSE,1,80s,16,MC,"Bob Ross is well known for painting happy little trees, but before he did so, he painted pans! Some even fetch $7500 on eBay today. Many modern pans are nonstick due to a Teflon coating, which is a synthetic chemical made of two of which of the following elements? ",https://yt3.ggpht.com/ytc/AKedOLT2y4hkt_FsZMoIkho6Vn8jFfGacOYxi2XkvuXL=s900-c-k-c0x00ffffff-no-rj,,"C,E","Teflon is the trading name for PFTE. It is valuable for its qualities of being chemical, temperature, and high corrosion resistant.",Hydrogen,Silicon,Carbon,Nitrogen,Fluorine
FALSE,FALSE,1,80s,18,MC,"The first Post-It note hit stores in 1980. Its adhesive was invented by alumni Spencer Silver from the University of Colorado Boulder, whose mascot is a female buffalo. What is a juvenile buffalo called?",https://dmgxuvvk0mgkf.cloudfront.net/images/2018/4/24/Ralphie_2017_Arizona_CliffGrassmick_71.JPG,,calf,"This year, CU Boulder debuted their sixth buffalo, Ralphie VI, retiring Ralphie V because she was too fast for the runners",,,,,
TRUE,FALSE,1,80s,17,SA,"Star Wars: Revenge of the Sith came out in 1980, which also introduced Jengo Fett's son, Boba Fett. What is Jengo Fett's ship name?",https://static.wikia.nocookie.net/29ff26b8-ae3f-459d-b228-ae0bf9829df7,,Slave I,"Boba Fett's ship name has actually been changed to FIrespray, which reflects it's model name.",,,,,
TRUE,FALSE,1,80s,19,SA,"The reminiscents of the Cold War started waning down as the Soviet Union faltered towards the end of the 80s. Symbolic of the fall of the USSR was the collapse of what on November 9th, 1989?",https://www.thetrumpet.com/files/W1siZiIsIjIwMTgvMTIvMjUvMjk1Yzc0MGZ6cF9Tb3ZpZXRfZXJhX0dldHR5SW1hZ2VzXzg5ODU2MjQxLmpwZyJdLFsicCIsInRodW1iIiwiMjA0OHgyMDQ4PiJdLFsicCIsImVuY29kZSIsImpwZyIsIi1xdWFsaXR5IDgwIl1d/11798504714755c4/Soviet%20era%20-%20GettyImages-89856241.jpg.jpg,,Berlin Wall,"The Berlin Wall actually fell due to a a mistaken answer to a press converence question, which resulted in crowds gathering outside the wall that night, reunifying Germany after 28 years.",,,,,
TRUE,FALSE,1,80s,20,SA,"Based in San Francisco, Huey Lewis and the News released a large number of hits in the 80s and 90s. Their popular song, ""The Power of Love"" was the theme song for what famous 80s movie?",https://static.onecms.io/wp-content/uploads/sites/6/2018/02/gettyimages-527702908-2000.jpg,,Back to the Future,Huey Lewis and the News had 19 top ten hits on the Billboard Hot 100 List. ,,,,,
FALSE,FALSE,2a,,0,MD,,,,,,,,,,
FALSE,FALSE,2a,,1,MC,"What country hosts the world's second largest lake, Lake Tanganyika, and the tallest mountain in Africa, Mount Kilimanjaro.",https://www.micato.com/wp-content/uploads/2018/09/mt-kilimanjaro.jpg,,A,"Tanzania is actually the mergance of two seperate states, Tanganyika and Zanzibar, who gained independence from the British in 1961 and 1963 respectively.",Tanzania,Kenya,Zambia,Ethiopia,Uganda
FALSE,FALSE,2a,,2,MC,"Zeus boasts the most children of any Greek God, totalling almost 100. Which of the following is NOT a child of Zeus?",https://www.greekmythology.com/images/mythology/zeus_s_lovers_large_image_76.jpg,,D,"Orion’s origin differs, but the general story told is that he is the son of Perseus and Euryale.",Hercules,Helen of Troy,Artemis,Orion,Persephone
FALSE,FALSE,2a,,3,MC,"The sweet cookie and cream snack, Oreos, are actually a knock off of the original chocolate sandwich cookie, Hydrox, which was created in 1908. What’s the name of the Walmart ‘Great Value’ knockoff of Oreos?
",https://www.cnet.com/a/img/Ig_LrV2UL_0-2Zc1KTUIEyFfFYU=/2021/09/08/4479ee22-fb76-409e-bf22-302270f7baa3/pokemon-oreo.jpg,,D,"Funfact: Double Stuf Oreos do not actually have double the amount of stuff. A highschool experiment in 2013 found that on average they have about 1.86 times the amount of filling as regular Oreos.
",Zebra cookies,Oruos,Cremos,Twist & Shout,Clorox
FALSE,FALSE,2a,,4,MC,"The Battle of Hastings is known for changing the English language as we know it today. In this battle, which group came out as victorious, taking over the higher powers of 11th Century England?",http://c.files.bbci.co.uk/5731/production/_91912322_hi035716367.jpg,,A,,Normans,Anglo-Saxons,Vikings,Gauls,Spanish
FALSE,FALSE,2a,,5,MC,"What is the name of Stephanie Meyer’s Twilight remake, told from the perspective of Edward Cullen rather than Bella Swan? ",https://m.media-amazon.com/images/M/MV5BMTQ2NzUxMTAxN15BMl5BanBnXkFtZTcwMzEyMTIwMg@@._V1_.jpg,,A,"Each Twilight book is based on classic love stories, like Pride and Prejudice, Romeo and Juliet, Wuthering Heights, and A Midsummer Night’s Dream.",Midnight Sun,Midday Moon,Solar Eclipse,Lunar Eclipse,Rising Star
FALSE,FALSE,2a,,6,MC,"In the iconic film The Matrix, green “code” can be seen falling from the sides of the screen to represent the Matrix’s activity. But where does this “code” come from? ",https://i.imgflip.com/twldy.jpg,,B,"A production designer scanned symbols from his wife’s sushi cookbooks, then manipulated them to craft the “code”. ",Japanese Proverbs,Sushi Recipes,C++,C#,The Instruction Manual for a jetski
FALSE,FALSE,2a,,7,MC,"Red foxes have a reputation for being cunning and intelligent, as portrayed in pop culture including Incredible Mr. Fox and the Disney adaptation of Robin Hood. What is the scientific name for a red fox?",https://cdn2.bulbagarden.net/upload/thumb/6/60/037Vulpix.png/1200px-037Vulpix.png,,B,"The creature pictured is Vulpix, a Pokemon, whose name is directly derived from the scientific name for a red fox: Vulpes vulpes!",Sus scrofa,Vulpes vulpes,Ursus arctos,Chiroptera,The Battle of the Labyrinth
FALSE,FALSE,2a,,8,MC,"Doja Cat is one of the most popular artists today, and recently dropped Planet Her. She also recently hosted the 2021 VMAs, where she displayed her fun personality in all these outfits except which of the following?",https://cdn.vox-cdn.com/thumbor/3cTZNewybseTwwq_M907cIxFsHQ=/1400x1400/filters:format(jpeg)/cdn.vox-cdn.com/uploads/chorus_asset/file/22700008/640x640__8_.jpg,,E,,Worm,Chair,Turkey,Red dress,Alien
FALSE,FALSE,2a,,9,MC,"In 2019, during the League of Legends World Championships, which team was the first runner up, losing to FunPlus Phoenix?",https://static.invenglobal.com/upload/image/2019/11/10/o1573402314494490.jpeg,,C,"The first ever large-scale gaming competition was held by Atari in 1980, called The Space Invaders Championship.",Invictus,T1,G2,Fnatic,Damwon
FALSE,FALSE,2a,,10,MC,Something unique about US sports is the annual draft where college athletes instead of club academies like in Europe. Which college team has won the most NCAA American Football championships?,https://upload.wikimedia.org/wikipedia/en/thumb/4/4c/College_Football_Nat%27l_Championship_logo.svg/1200px-College_Football_Nat%27l_Championship_logo.svg.png,,A,"Yale has 18 NCAA titles, all from the late 1800s to early 1900s. As of recent years, Alabama have almost caught up with 16 titles",Yale,Alabama,Princeton,Notre Dame,Michigan
TRUE,FALSE,2a,,11,SA,The world record for solving a rubik's cube is 3.47 seconds. Computers have also figured out that no position in the rubik's cube requires more how many moves to solve?,https://m.media-amazon.com/images/I/81dIEAgoytL._AC_SL1500_.jpg,,20,"Known as God's Number, it took 35 CPU years and many man hours to solve. The current record held for the fastest solve by a human is 3.47 seconds by Yusheng Du.",,,,,
TRUE,FALSE,2a,,12,SA,"According to a popular vine, at which resturant can you get ""FR E SH A VOCA DO""?",https://solidstarts.com/wp-content/uploads/introducing-avocado-to-babies.jpg,,Del Taco,,,,,,
FALSE,FALSE,2b,,0,MD,,,,,,,,,,
FALSE,FALSE,2b,,13,MC,"This medium-sized penguin species was named after the wife of the explorer who discovered them, Jules Dumont d’Urville. Also distinguishable by the white ring surrounding their eyes, what is the name of this species?",https://upload.wikimedia.org/wikipedia/commons/e/e3/Hope_Bay-2016-Trinity_Peninsula%E2%80%93Ad%C3%A9lie_penguin_%28Pygoscelis_adeliae%29_04.jpg,,C,,Flordland,King,Adélie,Gentoo,Snares
FALSE,FALSE,2b,,14,MC,The cat being held in the opening scene of the Godfather was not originally called for in the script. Who did this cat belong to?,https://m.media-amazon.com/images/M/MV5BM2MyNjYxNmUtYTAwNi00MTYxLWJmNWYtYzZlODY3ZTk3OTFlXkEyXkFqcGdeQXVyNzkwMjQ5NzM@._V1_.jpg,,C,"Director Francis Ford Coppola found the cat in the studio and handed it to Marlon Brando before the shot. The cat stayed in his lap and purred so loudly that the crew was afraid the noise would drown out the dialogue.
",Francis Ford Coppola,Diane Keaton,No one - the cat was a stray,Al Pachino,Marlon Brando
FALSE,FALSE,2b,,15,MC,The flag of Qatar has the largest width to height ratio of 2.545. Select all of the following countries that have a flag with a 1:1 aspect ratio.,https://upload.wikimedia.org/wikipedia/commons/thumb/6/65/Flag_of_Qatar.svg/1280px-Flag_of_Qatar.svg.png,,"A,E",,Switzerland,Belarus,Israel,North Macedonia,Vatican City
FALSE,FALSE,2b,,16,MC,"In chess, each piece is given a number to represent their relative value and approximate advantages at any given position. If you have your opponent's two knights, a pawn, and their queen, how many points do you have?",https://i.redd.it/25zmyphf3stz.jpg,,C,"The minor pieces (bishops and knights) are worth 3, pawns are worth 1, rooks are worth 5, and the queen is worth 9",4,7,16,24,52
FALSE,FALSE,2b,,17,MC,There are two types of competitive pool configurations: short course and long course. How many laps would a 100 yard race be in a long course pool? ,https://coachrickswimming.files.wordpress.com/2014/03/50-m-pool.jpg,,B,,1,2,3,4,5
FALSE,FALSE,2b,,18,MC,"While it has spawned many sequels and related series, the Percy Jackson series official has five books. What is the name of the third book in the series?",https://static.wikia.nocookie.net/olympians/images/1/10/Percy_Jackson.jpg/revision/latest?cb=20180319172727,,B,,The Last Olympian,The Titan's Curse,The Sea of Monsters,The Lighting Thief,The Battle of the Labrynth
FALSE,FALSE,2b,,19,MC,"Pokemon is actually an abbreviation of “Pocket Monsters” in Japan. Released in 1996, there have been eight different regions. Each region has its own unique professor, but all have been named under what category?",https://cdn2.bulbagarden.net/upload/thumb/d/d0/Omega_Ruby_Alpha_Sapphire_Professor_Birch.png/1200px-Omega_Ruby_Alpha_Sapphire_Professor_Birch.png,,B,"Such professors include: Prof, Oak, Birch, Sycamore, Elm, Ivy, Rowan, Juniper, Kukui, and Willow!",Rocks,Plants,Bodies of water,Pokemon types,Mountain ranges
FALSE,FALSE,2b,,20,MC,"Christmas is officially in 22 days! In addition to the other eleven gifts, what did my true love give to me on the twelvth day of Christmas?",https://i1.wp.com/doodlewash.com/wp-content/uploads/2020/12/Day-21-Partridge-In-A-Pear-Tree-Watercolor-Illustration-Painting.jpg?fit=1024%2C783&ssl=1,,B,,Twelve calling birds,Twelve drummers drumming,Twelve geese a-laying,Twelve pipers piping,Twelve lords a-leaping
FALSE,FALSE,2b,,21,MC,The last Olympics debuted several new sports. Which of the following events debuted at the 2020 Tokyo Olympics?,https://stillmed.olympics.com/media/Images/OlympicOrg/News/2017/06/09/2017-06-09-tokyo2020-thumbnail.jpg?interpolation=lanczos-none&resize=2120:1200,,C,"Karate was added as a specialty sport for the 2020 Tokyo Olympics by choice of the host nation, along with sport climbing, skateboarding, and surfing.
",Open-water swimming,Taekwondo,Karate,Pentathlon,Judo
FALSE,FALSE,2b,,22,MC,"Albert Einstein, considered by many as one of the greatest minds in history, was born in 1879 on what day which coincidentally is Steven Hawkings', another leading mind in science, death day?",https://cdn.mos.cms.futurecdn.net/vjY92E9DK6egmKYgoZSToS.jpg,,C,"Yes, Albert Einstein was born on pi day! Coincidence or fate?",January 20th,February 6th,March 14th,June 28th,August 31st
TRUE,FALSE,2b,,23,SA,"This landmark was completed on 1869, and revolutionized ship routes between Europe and Asia. It was also blocked last year, holding up trade valued more than 9 billion dollars per day.",https://image.cnbcfm.com/api/v1/image/106860121-1616780983446-106860121-1616772119794-02_close_up_view_of_ever_given_ship_suez_canal_26march2021_wv2.jpg?v=1616781003,,Suez Canal,,,,,,
TRUE,FALSE,2b,,24,SA,"Recently, Taylor Swift has been re-recording her latest albums. She's included additional special features, ""From the Vault"" tracks, and extended versions of certain songs. Which album did she most recently re-release?",https://images.wsj.net/im-434099?width=1280&size=1,,Red,,,,,,
FALSE,FALSE,2c,,0,MD,,,,,,,,,,
FALSE,FALSE,2c,,25,MC,"The show BoJack Horseman integrates a society of humans and animals, featuring characters like Princess Carolyn, a cat, a dog, and of course BoJack Horseman, a horse. What animal is the character Wanda Pierce?",https://m.media-amazon.com/images/M/MV5BYWQwMDNkM2MtODU4OS00OTY3LTgwOTItNjE2Yzc0MzRkMDllXkEyXkFqcGdeQXVyMTkxNjUyNQ@@._V1_.jpg,,D,Bojack Horseman was nominated for 3 Emmys and didn't win any.,Axolotl,Mouse,Human,Owl,Penguin
FALSE,FALSE,2c,,26,MC,"Tomorrow is December 4th, which is also Jay-Z's birthday! He is turning 52, which does NOT numerically classify which of the following?",https://static.billboard.com/files/2020/12/jay-z-roc-nation-brunch-2020-billboard-1548-1607102538-compressed.jpg,,E,,Complete weeks in a year,White keys on a piano,Cards in a standard deck,Atomic number of tellurium,Current electoral votes of California
FALSE,FALSE,2c,,27,MC,There are many celebrities that are part time owners of a multitude of sports franchises such as Will Smith and the 76ers. Which NBA star is a part time owner of Premier League team Liverpool?,https://upload.wikimedia.org/wikipedia/en/thumb/0/0c/Liverpool_FC.svg/1200px-Liverpool_FC.svg.png,,E,"Lebron reportedly owns 2% of the Reds, which he bought in 2011",Steve Nash,Magic Johnson,James Harden,Kevin Durant,Lebron James
FALSE,FALSE,2c,,28,MC,"Alaska is known for being far north above the U.S., but within the Continental United States, which state can you find the northernmost point ?",https://upload.wikimedia.org/wikipedia/commons/thumb/8/84/Alaska_in_United_States_%28US50%29.svg/1200px-Alaska_in_United_States_%28US50%29.svg.png,,D,"This part of Minnesota isn't even connected to the rest of Minnesota, and it is part of the US due to a mistake by the first mapmakers in the area",Maine,Washington,Montana,Minnesota,Michigan
FALSE,FALSE,2c,,29,MC,Jules Verne wrote a novel called Twenty Thousand Leagues Under the Sea following the plights of Captain Nemo. A league is a measure of what?,https://www.australiangeographic.com.au/wp-content/uploads/2021/08/giant-squid-facts-1-scaled.jpg,,C,"Captain Nemo, the main character, is actually a reference to the Odyssey.",TIme,Depth,Length,Weight,Speed
FALSE,FALSE,2c,,30,MC,Among the most famous memes is the Doge meme which was often accompanied with broken English typed in multicolored Comic Sans. What breed of dog is depicted in this classic meme?,https://static01.nyt.com/images/2019/10/13/fashion/00COMICSANS/00COMICSANS-videoSixteenByNineJumbo1600.jpg,,A,,Shiba Inu,Shikoku Ken,Japanese Spitz,Finnish Spitz,Kugsha
FALSE,FALSE,2c,,31,MC,"The human brain is responsible for every aspect of life despite only weighing 3 pounds, the size of a two-slice toaster. Which brain system is responsible for memory and emotions?",https://cdn.britannica.com/q:60/16/170816-050-0FB450D3/Brain-illustration.jpg,,E,The largest human brain recorded weighed in at around 5 pounds.,Olfactory system,Gustatory system,Vestibular system,Nervous system,Limbic system
FALSE,FALSE,2c,,32,MC,"Christiano Ronaldo has recently passed the men’s record for most international goals scored, and as of October 26th he has 115 goals in 182 caps. Who held this record previously for 17 years?",https://imgresizer.eurosport.com/unsafe/2560x0/filters:format(jpeg)/origin-imgresizer.eurosport.com/2021/09/11/3216973-65894728-2560-1440.jpg,,D,"Ronaldo has recently returned to Manchester United, where he won 9 trophies between 2003-2009.",Diego Maradona,Pele,Lionel Messi,Ali Daei,Harry Kane
FALSE,FALSE,2c,,33,MC,"In the 1840s, a musical inventor combined woodwind and brass instruments. In 1846, the invention of the saxophone was patented. Who was the Belgian designer who invented the saxophone?
",https://upload.wikimedia.org/wikipedia/commons/b/b7/Sergey_Stepanov_-_Epic_Sax_Guy_-_May_28%2C_2010.jpg,,C,"Though they’ve always been made of brass, the saxophone is classified as a woodwind because of the way it’s played. Also, it’s one of few widely used instruments that were invented by a single person.
","Jean Baptiste
","David Saxon
","Adolphe Sax
",Randall Sax,Bartolomeo Cristofori
FALSE,FALSE,2c,,34,MC,"Vitamins are micronutrients that are essential for human metabolism, however, most are obtained through the diet since we cannot make them. Out of the following, identify two vitamins that humans are able to synthesize.",https://post.healthline.com/wp-content/uploads/2020/01/vitamins-pills-bottle-732x549-thumbnail.jpg,,"B,E","The human body can make Vitamin B3 from the amino acid tryptophan. It can also create Vitamin D just from being in the sunlight! UVB radiation converts a precursor into pre-Vitamin D in the skin. 
",Vitamin A,Vitamin B3,Vitamin B12,Vitamin C,Vitamin D
TRUE,FALSE,2c,,35,SA,"During WWII, the US Marines needed to send cryptic messages overseas, but struggled to find a code that was unbreakable. What language did the US use to help encrypt messages that were considered unbreakable?",https://upload.wikimedia.org/wikipedia/commons/thumb/8/84/Alaska_in_United_States_%28US50%29.svg/1200px-Alaska_in_United_States_%28US50%29.svg.png,,Navajo,,,,,,
TRUE,FALSE,2c,,36,SA,"Also the name of the singer who sang “DJ Got Us Fallin’ In Love”, the name of the Edgar Allen Poe short story is “The Fall of the House of” what?",https://www.nps.gov/common/uploads/people/nri/20170922/people/A4A85482-1DD8-B71B-0B7F160BECA37FC5/A4A85482-1DD8-B71B-0B7F160BECA37FC5.jpg,,Usher,Usher's real name is actually Usher,,,,,
FALSE,FALSE,2d,,0,MD,,,,,,,,,,
FALSE,FALSE,2d,,37,SA,"There are a lot of exotic fruits, but this stinky fruit has different names for its varieties including “Red Prawn”, “XO”, and “Musang King” which is the most popular variety of this fruit in Malaysia.",https://i.ytimg.com/vi/s77tsEcW6wg/maxresdefault.jpg,,E,"Durian’s pungent smell has made it illegal on public transit in Singapore. But despite this, people in SE Asia love it!",Jackfruit,Guava,Snakefruit,Rambutan,Durian
FALSE,FALSE,2d,,38,MC,Dynastic rule in China ended in 1912 with the rise of the Republic of China. What was the last Chinese dynasty?,https://scmillhills.com/wp-content/uploads/sites/5/2017/03/158644-ancient-chinese-clothing.jpg,,E,Dynastic rule in China lasted nearly four million years,Jin,Ming,Yuan,XI,Qing
FALSE,FALSE,2d,,39,MC,"Students in the Harry Potter universe were not exempt from standardized tests. They had two separate standardized tests, but what was the name for the test Hogwarts students took during their 7th year?",https://static.wikia.nocookie.net/harrypotter/images/4/4e/OWLS_1996.jpg/revision/latest?cb=20180212192232,,C,"A.K.A ""Nastily Exhausting Wizarding Tests"", these tests had 6 levels of achievement, the highest being “O” for “outstanding” and the lowest being “T” for “troll”",O.W.L.,W.A.N.D.,N.E.W.T.,W.W.N.,S.P.E.W.
FALSE,FALSE,2d,,40,MC,"The Met Gala is one of the most iconic fashion events of every year, with this year's theme being “In America: A Lexicon of Fashion”. What was the Met Gala’s 2016 theme?",https://media.allure.com/photos/61391a92eccf05d64de28f6c/16:9/w_2560%2Cc_limit/met%2520gala.jpg,,B,The first Met Gala was in 1948 to raise money for the Met's Costume Institute.,Punk: Chaos to Couture,Manus X Machina,Heavenly Bodies: Fashion and the Catholic Imagination,Camp: Notes on Fashion,China: Through the Looking Glass
FALSE,FALSE,2d,,41,MC,Scientific measurements are the cornerstone of many of the advancements we have today. What does a goniometer measure?,https://i0.wp.com/blog.treasurie.com/wp-content/uploads/2019/08/measuring-tools-5.jpg,,A,,Angles ,Distance ,Gases,Solar radiation ,Entropy transfer 
FALSE,FALSE,2d,,42,MC,"The first purchase made on the internet was made by Stanford students from an artificial intelligence lab, who bought what item from MIT students in 1972?",https://yt3.ggpht.com/ytc/AKedOLTf2JSL9duSWPgClQZsn2QuIB862KmzLlKx6kcQ=s900-c-k-c0x00ffffff-no-rj,,A,,A bag of weed,Mariah Carey tapes,Moon shoes,Quantum mechanics textbooks,Mood rings
FALSE,FALSE,2d,,43,MC,"On December 18th of this year, NASA is planning on launching the successor to The Hubble as the main space telescope after 31 years. What is the name of this space telescope? ",http://www.nasa.gov/sites/default/files/thumbnails/image/potw2138a.jpg,,E,"It is said that the James Webb Space Telescope is 100x more powerful than the Hubble, and may be able to see the universe's first galaxies and possible life on the exoplanets the Hubble discovered",The Carl Sagan Space Telescope,The Grumman Space Telescope,The Northrop Space Telescope,The Dubble,The James Webb Space Telescope
FALSE,FALSE,2d,,44,MC,"Yuzuru Hanyu is one of the most decorated figure skaters in the world, winning 12 gold medals in his 13 year international career. What is the most difficult skating jump Yuzuru has landed in competition?",https://www.washingtonpost.com/wp-apps/imrs.php?src=https://arc-anglerfish-washpost-prod-washpost.s3.amazonaws.com/public/62Q54IOMAE7RXKMNQDM4YNLHOM.jpg&w=1200,,D,"The Axel is the hardest jump in figure skating, as it requires the skater to make almost another half rotation.",Triple Lutz,Quadruple look,Quadruple Salchow,Quadruple Lutz,Triple Axel
FALSE,FALSE,2d,,45,MC,Pixar has produced a range of iconic movies from Ratatouille to Cars. What California School is Monsters University based off of?,https://www.tvguide.com/a/img/catalog/provider/1/2/1-3490578086.jpg,,E,,University of California Mercad ,Stanford University ,University of Los Angeles ,Claremont McKenna ,UC Berkeley 
FALSE,FALSE,2d,,46,MC,"The 2021 United Nations Climate Change Conference ended on November 12, 2021. This date is also National Pizza With Everything (Except Anchovies) Day. Select all of the categories Anchovies can be classified under.",https://cdn.bluefoot.com/starvin/images/Every-Topping-Pizza/everything-topping-pizza.jpg,,"B,C,E",,Mollusc,Chordate,Eukaryote,Vegetable,Fish
TRUE,FALSE,2d,,47,SA,"According to the Guinness World Records, which word has the most meanings in the English language based on the 1989 Oxford English Dictionary? ",https://www.sharecopia.com/images/memes5/oxford-dictionary-streets.jpg,,set,,,,,,
TRUE,FALSE,2d,,48,SA,What mathematical symbol could you place between 5 and 7 to get a number larger than 5 and smaller than 7?,"https://ih1.redbubble.net/image.911607820.6504/pp,840x830-pad,1000x1000,f8f8f8.jpg",,decimal,,,,,,
FALSE,FALSE,3,,0,MD,,,,,,,,,,
FALSE,FALSE,3,Colorado,1,MC,"Colorado is famous for its 58 14ers. What’s the highest mountain in Colorado, which reaches an elevation of 14,439'?",https://www.durango.com/wp-content/uploads/2020/02/colorado-14ers-fb.jpg,,B,Plateu mountains look like tall squares,Mount Massive,Mount Elbert,Pikes Peak,Horsetooth,Mount Harvard
FALSE,FALSE,3,Colorado,2,MC,"One Republic's song ""Counting Stars"" is one of the most viewed songs on youtube, with 3.4 billion views. One Republic is actually based out of which Colorado city?",https://pyxis.nymag.com/v1/imgs/8ee/9b2/daf79f1b992e86ab665acbbef7f7082c71-13-one-direction-friends.2x.rsocial.w600.jpg,,E,"despite it going viral on youtube, ""Counting Stars"" peaked at no. 2, falling behind TImber by Pitbull ft. Ke$ha",Denver,Pueblo,Aurora,Boulder,Colorado Springs
FALSE,FALSE,3,Colorado,3,MC,"Tonight, Jupiter sets at 10:15 p.m. (maybe you'll catch it after this!) in Fort Collins. It is visible to the naked eye, however, it's not the brightest object in our night sky. Which of the following planets appears brighter than Jupiter?",https://upload.wikimedia.org/wikipedia/commons/2/2b/Jupiter_and_its_shrunken_Great_Red_Spot.jpg,,B,"Jupiter currently has 53 named moons, and an estimated 79 total moons",Mercury,Venus,Mars,Saturn,Uranus
FALSE,FALSE,3,Colorado,4,MC,"Denver is known for its diverse range of foods, each representing or melting different cultures. What traditional American food was trademarked in Denver?",https://upload.wikimedia.org/wikipedia/commons/e/e8/Denver_skyline.jpg,,C,"On average, Denver gets about 300 days of sunshine a year",Hotdog ,Fries ,Hamburger ,Milkshake ,Mashed potatoes 
FALSE,FALSE,3,Colorado,5,MC,"It's official! The Fort Collins Old Town Target has just opened. Target is known for its striking red logo, which is one of the most recognized symbols in North America. What is the name of Target's logo-bearing mascot?",https://pbs.twimg.com/media/EQL5H7PW4AA6iEv.jpg,,B,Bullseye is the official mascot of Target Corporation. The dog is a Bull Terrier with a pure white coat and logo around her left eye.,Spot,Bullseye,Clifford,Fetch,Riley
FALSE,FALSE,3,Colorado,6,MC,"Colorado houses a range of conditions, perfect for a variety of agricultural products. Dove, a town located in southwest Colorado, is the self proclaimed world headquarter of what agricultural product?",https://www.denverpost.com/wp-content/uploads/2021/09/doves-019-2.jpg,,B,Pinto beans are the most widely produced beans in the US! they also contain the most fiber out of any bean!,Cantaloupe ,Pinto Beans ,Cucumbers,Chickpeas ,Corn 
FALSE,FALSE,3,Colorado,7,MC,"Poudre School District serves over 30,000 students around northern Colorado. Select all of the following are names of elementary schools in PSD? ",https://cdn.businessyab.com/assets/uploads/d51f7820c12b31c1e54ce3dcb1497196_-united-states-colorado-larimer-county-fort-collins-westchase-south-timberline-road-5844-bacon-elementary-school-970-488-5300.jpg,,"A,B,D",Poudre School District has 33 elementary schools.,Linton,Werner,Pikes,Irish,Harrington
FALSE,FALSE,3,Colorado,8,MC,"Today, there are four United States mints, including one in Denver! Now decommissioned, in which city were U.S. coins with an ""O"" minted?",https://www.usmint.gov/wordpress/wp-content/uploads/2018/03/Denver-Mint-1024x576.jpg,,C,The first one-cent piece was minted in 1793,Olympia,New Orleans,Omaha,Oklahoma City,
FALSE,FALSE,3,Colorado,9,MC,"Colorado boasts the highest mountain pass in the country, at an elevation of 12,183 feet. Following Highway 34, what is the name of this pass?",https://travel.home.sndimg.com/content/dam/images/travel/fullset/2012/03/11/d1/trail-ridge-road.rend.hgtvcom.1280.960.suffix/1491580735659.jpeg,,B,This trail was orginial used by the Ute and Arapaho tribes,Independence Pass,Trail Ridge Pass,Cottonwood Pass,Cumberland Pass,Loveland Pass
FALSE,FALSE,3,Colorado,10,MC,Denver Nuggets player Nikola Jokić is often known as “The Joker” nowadays. This nickname has also been given to which tennis player?,https://upload.wikimedia.org/wikipedia/commons/7/7e/Nikola_Jokic_free_throw_%28cropped%29.jpg,,A,"Jokic was actually a round 2, pick 41 draft in 2014, but has recently risen to become the 2020/21 NBA MVP.",Novak Djokvoic,Roger Federer,Rafael Nadal,Nenad Zimonjic,Andy Murray
FALSE,FALSE,3,Colorado,11,MC,"Colorado's state tree is the blue spruce, which is a super cool tree, but its wood is rarely used for wood because it's full of knots. The wood found in trees are composed of which of the following tissues?",https://upload.wikimedia.org/wikipedia/commons/1/11/Picea_pungens_tree.jpg,,C,"Secondary xylem is associated with lateral growth, and it shows annual rings in a tree. Its cell walls are thickened by lignin, which support the plants.",Primary xylem,Primary phloem,Secondary xylem,Secondary phloem,Parenchyma
FALSE,FALSE,3,Colorado,12,MC,"Denver proper has an area of 154 square feet and holds a population of 705,000. Which famous Denver road is the longest continuous street in the United States?",https://www.orangesmile.com/common/img_city_maps/denver-map-2.jpg,,E,The longest Highway in America is US Highway 20,Colorado Boulevard ,Quebec Street,Hampden Avenue,Federal Boulevard ,Colfax Avenue 
FALSE,FALSE,3,Colorado,13,MC,The largest gold plated dome in Colorado resides on the Colorado State Capitol. The 3rd largest dome resides on the Guggenheim Hall at Colorado School of Mines. What Colorado building has the second largest gold dome?,https://i1.wp.com/coloradopreservation.org/wp-content/uploads/2011/04/epp_2010_dome_2.jpg,,C,The Singapore National Stadium is currently the world's largest dome,Denver University ,The Brown Palace ,Casa Bonita ,Denver Mint ,US Air Force Academy Chapel 
FALSE,FALSE,3,Colorado,14,MC,"With the Rocky Mountains, Colorado has had a plethra of winter olympic atheletes train here, including Shaun White. Which Olympic snowboarder from Colorado used profanity on live TV after winning the gold medal?",https://www.coloradodirectory.com/downhillskiing/images/Skiing-Overview.gif,,C,"The event originated in 1998 in the Nagano, Japan Olympics",Hagan Kearney,Mick Dierdorf,Red Gerard,Arielle Gold,Chris Corning
FALSE,FALSE,3,Colorado,15,MC,Dutch Bros has been a source of energy for students and teachers alike. How many states does Dutch Bros serve “killer coffee” in?,https://ewscripps.brightspotcdn.com/dims4/default/fe89cb1/2147483647/strip/true/crop/970x546+0+65/resize/1280x720!/quality/90/?url=http%3A%2F%2Fewscripps-brightspot.s3.amazonaws.com%2Fe2%2F6b%2F36b2a7e44bb48ef469cf583f566f%2Fdutchbros1.jpg,,D,Dutch Bros was founded in 1992,3,5,6,9,11
FALSE,FALSE,3,Colorado,16,MC,"Colorado roads cut through some of the most unique and beautiful spots in the US, often at high elevations. What Colorado tunnel has the highest elevation in the United States?",https://i.ytimg.com/vi/pvqgTR3NjHg/maxresdefault.jpg,,D,The Eisenhower Tunnel carries Interstate 70 under the Continental Divide. ,Veterans Memorial Tunnel,Hanging Lake Tunnel ,Moffat Tunnel ,Eisenhower Tunnel ,Secret tunnel 
TRUE,FALSE,3,Colorado,17,SA,"Your elementary teacher may have told you that Colorado is a rectangle, but did you know Colorado has many more sides than that? How many sides does our colorful state have?",https://upload.wikimedia.org/wikipedia/commons/6/60/Colorado_in_United_States.svg,,697,"The shape of Colorado is what you would call a hexahectaenneacontakaiheptagon. It has many angles and bends, which makes it.... not a rectangle! ",,,,,
TRUE,FALSE,3,Colorado,18,SA,"While long gone, this animal thrived during the Jurassic period. It is currently Colorado's state fossil, whose name is which of the following?","https://assets.simpleviewinc.com/simpleview/image/fetch/c_fill,h_830,q_75,w_1200/https://assets.simpleviewinc.com/simpleview/image/upload/v1/clients/denver/denver-museum-nature-science-lobby_551d6d60-f0ae-5102-065bf5aa4c477cd7.jpg",,Stegosaurus,The stegosaurus was discovered in Colorado in 1876 by M.P. Felch,,,,,
FALSE,FALSE,4,,0,MD,,,,,,,,,,
TRUE,FALSE,4,,1,SA,"Camille Saint-Saens published one of his most famous works, The Carnival of the Animals, in 1886. His most famous piece from that collection is “Le cygne”. In English, what animal is le cygne?",https://upload.wikimedia.org/wikipedia/commons/9/98/Saint-Sa%C3%ABns-circa-1880.jpg,,The Swan,,,,,,
TRUE,FALSE,4,,2,SA,"This unit of data first became popular on the Ethereum blockchain. It is a file that exists digitally, sometimes in the form of digital art, video game items, or music. Taco Bell has even sold some. What is the name of these units?",https://pbs.twimg.com/media/FDoEwdvUUAA-6Qn?format=jpg&name=large,,"Non-Fungible Token, NFT",,,,,,
TRUE,FALSE,4,,3,SA,"This country’s islands of Santa Cruz and Isabela are home to giant tortoises and Darwin’s finches. Also consisting of the Galapagos Islands, which South American country is named for its position around zero latitude?",https://images.theconversation.com/files/152457/original/image-20170111-4604-bbpm9i.jpg?ixlib=rb-1.1.0&q=45&auto=format&w=926&fit=clip,,Ecuador,,,,,,
TRUE,FALSE,4,,4,SA,"In the history of the United States, there have been 46 presidents, although there have only been 45 presidents. Which is the only president to be counted as two presidents, for two noncontinuous terms?",https://i.natgeofe.com/k/06b7f432-322e-4ca9-8579-2eb6506f85b7/presidential-seal-president-job.jpg,,Grover Cleveland,,,,,,
TRUE,FALSE,4,,5,SA,"Bats locate objects with echolocation! Certain species have evolved to hear one frequency better than the rest, but to do so, bats must change the frequency of their screeches when they approach a target. This is to compensate for what phenomenon?",https://preview.redd.it/f0n1j4i9l9771.png?width=482&format=png&auto=webp&s=0a868224350010020ba8f877c6f18bd870d5a8bb,,Doppler Effect,,,,,,
TRUE,FALSE,4,,6,SA,"Marvel’s Phase 4 is underway, with new movies lined up for Thor, Spiderman, and many others. Yet, these heroes still have a name they go by when not saving the universe. Which hero goes by Janet van Dyne?",https://media.wonderlandmagazine.com/uploads/2021/05/ix59247c3h461.jpg,,Wasp,,,,,,
TRUE,FALSE,4,,7,SA,This 1965 Frank Herbert novel was recently made into a movie. The franchise has 14 books and is accredited as the founder of modern science fiction. It won a Hugo Award for Best Novel. The character Paul Artreides is played by Timothee Chalamet. What is the name of this novel?,https://erikhanberg.com/wp-content/uploads/2013/01/itzk450.jpeg,,Dune,,,,,,
TRUE,FALSE,4,,8,SA,"The Super Bowl is the championship game for the NFL and has been around since 1966. Yet, in more than half a century, what is the only team to have not played in the Super Bowl nor hosted it?",https://www.gannett-cdn.com/presto/2021/02/08/PDTF/5fe4d089-bd50-41f1-a6bb-f841f1938705-AP_Chiefs_Buccaneers_Super_B.jpg,,"Cleaveland Browns, Browns, Cleaveland",,,,,,
TRUE,FALSE,4,,9,SA,"The Valdivia Earthquake is the largest recorded earthquake in history with a magnitude of 9.5. According to the Richter scale, it releases how much more energy than an earthquake with ten times less amplitude or a magnitude of 8.5?",https://media.npr.org/assets/img/2016/08/17/chileearthquake2_custom-367dc4d33090151694f75c78f17a9e6ca4cfc96d-s1100-c50.jpg,,32,,,,,,
TRUE,FALSE,4,,10,SA,This Supreme Court case made its decision 1857. It declared the Missouri Compromise unconstitutional and stated that no African Americans could ever become a citizen. What was the full name of this case?,https://cdn.britannica.com/34/66834-050-2FC1E21E/Dred-Scott.jpg,,Dred Scott vs. Stanford,,,,,,
TRUE,FALSE,4,,11,SA,"Transylvania has belonged to a variety of empires and states through its history, and it is today most commonly associated with vampires. Most of Transylvania is now part of what modern-day country?",https://lp-cms-production.imgix.net/features/2015/08/BranCastle_Transylvania-d91a08d52fa2.jpg,,Romania,,,,,,
TRUE,FALSE,4,,12,SA,"This drink was introduced in 1988. It was originally marketed as a ""spice flavored drink"" like ginger ale. The name of the drink was ""Gold"". Which company, usually known for their lemon-lime sodas, produced this?",https://i.redd.it/fqobqmrfotx21.jpg,,7UP,,,,,,
TRUE,FALSE,4,,13,MC,"During the nuclear reaction of uranium-235, what subatomic particle is released? This particle is absorbed by other atoms of uranium-235, which cause a chain action by splitting apart and releasing more of the particle.",https://www.thoughtco.com/thmb/GrWPY8VtsBhFaG4-iyYfgucSuDA=/768x0/filters:no_upscale():max_bytes(150000):strip_icc()/atom-artwork-160936095-58a8f5683df78c345b8e53be.jpg,,Neutron,,,,,,
TRUE,FALSE,4,,14,SA,"This architect constructed the Mesa Lab in Colorado, which serves as the National Center for Atmospheric Research in Boulder. He was born in Guangzhou, China, and also created projects such as the Mile High Center and most famously, the Louvre Pyramid. What is his name?",https://upload.wikimedia.org/wikipedia/commons/3/31/National_Center_for_Atmospheric_Research_-_Boulder%2C_Colorado.jpg,,I.M. Pei,,,,,,